COINS,ANLIK,P-M,R1-M
ENJUSDT,2.55243,2.0659033333333334,3.569166666666667
ENJBTC,4.532e-05,3.6910000000000004e-05,6.152000000000001e-05
